Workbook

Sheet Summary
A1: Microalgae Strain | B1: Saturation Light Intensity: [μmol m-2 s-1] | C1: Optical Density Coefficient (ODC): [g m L-1] | D1: Dark Loss: [% AFDW] | E1: Maximum Temperature: [ºC] | F1: Minimum Temperature [ºC] | G1: Optimal Temperature [ºC]
A2: Chlorella vulgaris (Literature) | B2: ='Chlorella vulgaris'!C3*4.56 -> 230 | C2: ='Chlorella vulgaris'!C4 -> 1.0360038 | D2: ='Chlorella vulgaris'!C5 -> 0.068382851 | E2: ='Chlorella vulgaris'!C6 -> 42 | F2: ='Chlorella vulgaris'!C7 -> 5 | G2: ='Chlorella vulgaris'!C8 -> 27
A3: Chlorella vulgaris (Empirical) | B3: ='Chlorella vulgaris'!C14*4.56 -> 294.12 | C3: ='Chlorella vulgaris'!C15 -> 0.85 | D3: ='Chlorella vulgaris'!C16 -> 0.045 | E3: ='Chlorella vulgaris'!C17 -> 42 | F3: ='Chlorella vulgaris'!C18 -> 5 | G3: ='Chlorella vulgaris'!C19 -> 27.5
A4: Nannochloropsis oceanica (Literature) | B4: ='Nannochloropsis oceanica'!C3*4.56 -> 278.5 | C4: ='Nannochloropsis oceanica'!C4 -> 0.2842312 | D4: ='Nannochloropsis oceanica'!C5 -> 0.05666455 | E4: ='Nannochloropsis oceanica'!C6 -> 35 | F4: ='Nannochloropsis oceanica'!C7 -> 3 | G4: ='Nannochloropsis oceanica'!C8 -> 28
A5: Nannochloropsis oceanica (Empirical) | B5: ='Nannochloropsis oceanica'!C14*4.56 -> 250.8 | C5: ='Nannochloropsis oceanica'!C15 -> 0.28 | D5: ='Nannochloropsis oceanica'!C17 -> 32.5 | E5: ='Nannochloropsis oceanica'!C17 -> 32.5 | F5: ='Nannochloropsis oceanica'!C18 -> 3 | G5: ='Nannochloropsis oceanica'!C19 -> 28
A6: Desmodesmus intermedius (Literature) | B6: ='Desmodesmus intermedius'!C3*4.56 -> 265 | C6: ='Desmodesmus intermedius'!C4 -> 0.44395514 | D6: ='Desmodesmus intermedius'!C5 -> 0.067994597 | E6: ='Desmodesmus intermedius'!C6 -> 50 | F6: ='Desmodesmus intermedius'!C7 -> 5 | G6: ='Desmodesmus intermedius'!C8 -> 30
A7: Desmodesmus intermedius (Empirical) | B7: ='Desmodesmus intermedius'!C14*4.56 -> 287.28 | C7: ='Desmodesmus intermedius'!C15 -> 0.55 | D7: ='Desmodesmus intermedius'!C16 -> 0.08 | E7: ='Desmodesmus intermedius'!C17 -> 50 | F7: ='Desmodesmus intermedius'!C18 -> 5 | G7: ='Desmodesmus intermedius'!C19 -> 31
A8: Galdieria sulphuraria 5587.1 (Literature) | B8: ='Galdieria sulphuraria 5587.1'!C3*4.56 -> 230 | C8: ='Galdieria sulphuraria 5587.1'!C4 -> 0.4 | D8: ='Galdieria sulphuraria 5587.1'!C5 -> 0.067994597 | E8: ='Galdieria sulphuraria 5587.1'!C6 -> 56 | F8: ='Galdieria sulphuraria 5587.1'!C7 -> 10 | G8: ='Galdieria sulphuraria 5587.1'!C8 -> 43
A9: Galdieria sulphuraria 5587.1 (Empirical) | B9: ='Galdieria sulphuraria 5587.1'!C14*4.56 -> 200 | C9: ='Galdieria sulphuraria Soos'!C15 -> 0.48 | D9: ='Galdieria sulphuraria 5587.1'!C16 -> 0.12 | E9: ='Galdieria sulphuraria 5587.1'!C17 -> 56 | F9: ='Galdieria sulphuraria 5587.1'!C18 -> 10 | G9: ='Galdieria sulphuraria 5587.1'!C19 -> 43
A10: Galdieria sulphuraria Soos (Literature) | B10: ='Galdieria sulphuraria Soos'!C3*4.56 -> 230 | C10: ='Galdieria sulphuraria Soos'!C4 -> 0.44 | D10: ='Galdieria sulphuraria Soos'!C5 -> 0.067994597 | E10: ='Galdieria sulphuraria Soos'!C6 -> 47 | F10: ='Galdieria sulphuraria Soos'!C7 -> 10 | G10: ='Galdieria sulphuraria Soos'!C8 -> 35
A11: Galdieria sulphuraria Soos (Empirical) | B11: ='Galdieria sulphuraria Soos'!C14*4.56 -> 270 | C11: ='Galdieria sulphuraria Soos'!C15 -> 0.48 | D11: ='Galdieria sulphuraria Soos'!C16 -> 0.02 | E11: ='Galdieria sulphuraria Soos'!C17 -> 47 | F11: ='Galdieria sulphuraria Soos'!C18 -> 10 | G11: ='Galdieria sulphuraria Soos'!C19 -> 28

Sheet Chlorella vulgaris
A1: Strain ID: | B1: Chlorella vulgaris
A2: Category | B2: Parameters | C2: Value | D2: Units | E2: Reference | F2: Reported Value | G2: Units | H2: Notes and strain specifics
A3: Light | B3: Saturation Light Intensity | C3: =230/4.56 -> 50.438596 | D3: W/m2 | E3: Huessemann et al., 2013 | F3: 230 | G3: μmol/m2s | H3: Reported for Chlorella strain NAABB2412
A4: Concentration | B4: Optical Density Coefficient (ODC) | C4: =SLOPE(B54:B59,A54:A59) -> 1.0360038 | D4: g/(L*OD750) | E4: Masojidek et al., 2011 | F4: slope of curve (below) | H4: Reported as "Chlorella cultures"
A5: Respiration | B5: Dark Loss (% Biomass Loss/day) | C5: =1-EXP(F5*(10/24)) -> 0.068382851 | D5: per dark period | E5: Huessemann et al., 2013 | F5: -0.17 | G5: 1/day | H5: Reported for Chlorella strain NAABB2412 Assuming 10 hour dark period to calculate %AFDW lost
A6: Temperature | B6: T_max | C6: 42 | D6: ºC | E6: Singh and Singh 2015 | F6: 42 | G6: ºC | H6: Reported for Chlorella vulgaris UTEX 259
B7: T_min | C7: 5 | D7: ºC | E7: Bartosh and Banks 2007 | F7: 5 | G7: ºC | H7: Reported for Chlorella vulgaris
B8: T_opt | C8: 27 | D8: ºC | E8: Wilson and Huner 2000 | F8: 27 | G8: ºC | H8: Reported for Chlorella vulgaris Beijer (UTEX 265)
A12: Epirically Tuned
A13: Category | B13: Parameters | C13: Value | D13: Units
A14: Light | B14: Saturation Light Intensity | C14: =294.12/4.56 -> 64.5 | D14: W/m2
A15: Concentration | B15: Optical Density Coefficient (ODC) | C15: 0.85 | D15: g/L*OD750
A16: Respiration | B16: Dark Loss (% Biomass Loss/day) | C16: 0.045 | D16: per dark period
A17: Temperature | B17: T_max | C17: 42 | D17: ºC
B18: T_min | C18: 5 | D18: ºC
B19: T_opt | C19: 27.5 | D19: ºC
A24: Calculations and Derivations
A53: OD750 (X) | B53: g/L (Y)
A54: 0 | B54: =1.0287*1.0071*A54 -> 0
A55: 10 | B55: =1.0287*1.0071*A55 -> 10.360038
A56: 20 | B56: =1.0287*1.0071*A56 -> 20.720075
A57: 30 | B57: =1.0287*1.0071*A57 -> 31.080113
A58: 40 | B58: =1.0287*1.0071*A58 -> 41.440151
A59: 50 | B59: =1.0287*1.0071*A59 -> 51.800188
A90: Sources
A91: Huesemann et al., 2013: M. H. Huesemann, J. V. Wagenen, T. Miller, A. Chavis, S. Hobbs, and B. Crowe, “A screening model to predict microalgae biomass growth in photobioreactors and raceway ponds,” Biotechnol. Bioeng., vol. 110, no. 6, pp. 1583–1594, 2013, doi: 10.1002/bit.24814.
A94: Masojidek et al., 2011: J. Masojídek, J. Kopecky, L. Giannelli, and G. Torzillo, “Productivity correlated to photochemical performance of Chlorella mass cultures grown outdoors in thin-layer cascades,” J. Ind. Microbiol. Biotechnol., vol. 38, pp. 307–17, Feb. 2011, doi: 10.1007/s10295-010-0774-x.
A97: Singh and Singh 2015: S. P. Singh and P. Singh, “Effect of temperature and light on the growth of algae species: A review,” Renew. Sustain. Energy Rev., vol. 50, pp. 431–444, Oct. 2015, doi: 10.1016/j.rser.2015.05.024.
A100: Bartosh and Banks 2007: Y. Bartosh and C. J. Banks, “Algal growth response and survival in a range of light and temperature conditions: implications for non-steady-state conditions in waste stabilisation ponds,” Water Sci. Technol. J. Int. Assoc. Water Pollut. Res., vol. 55, no. 11, pp. 211–218, 2007, doi: 10.2166/wst.2007.365.
A103: Wilson and Huner 2000: K. E. Wilson and N. P. A. Huner, “The role of growth rate, redox-state of the plastoquinone pool and the trans-thylakoid ΔpH in photoacclimation of Chlorella vulgaris to growth irradiance and temperature,” Planta, vol. 212, no. 1, pp. 93–102, Dec. 2000, doi: 10.1007/s004250000368.

Sheet Nannochloropsis oceanica
A1: Strain ID: | B1: Nannochloropsis oceanica
A2: Category | B2: Parameters | C2: Value | D2: Units | E2: Reference | F2: Reported Value | G2: Units | H2: Notes and strain specifics
A3: Light | B3: Saturation Light Intensity | C3: =278.5/4.56 -> 61.074561 | D3: W/m2 | E3: Huete-Ortega et al., 2018 | F3: =AVERAGE(B49:B52) -> 278.5 | G3: μmol/m2s | H3: Reported for Nannochloropsis oceanica
A4: Concentration | B4: Optical Density Coefficient (ODC) | C4: =SLOPE(B57:B64,A57:A64) -> 0.2842312 | D4: g/L*OD750 | E4: Lu et al., 2017 | F4: slope of curve (below) | H4: Reported for Nannochloropsis oceanica
A5: Respiration | B5: Dark Loss (% Biomass Loss/day) | C5: =1-EXP(F5*(10/24)) -> 0.05666455 | D5: per dark period | E5: Huessemann et al., 2013 | F5: -0.14 | G5: 1/day | H5: Reported for Nannochloropsis salina in PBRs Assuming 10 hour dark period to calculate %AFDW lost
A6: Temperature | B6: T_max | C6: 35 | D6: ºC | E6: Sandnes et al., 2005 | F6: 35 | G6: ºC | H6: Reported for Nannochloropsis oceanica
B7: T_min | C7: 3 | D7: ºC | E7: Palanichamy and Rani 2004 | F7: 3 | G7: ºC | H7: Reported for Nannochloropsis oculata
B8: T_opt | C8: 28 | D8: ºC | E8: Sandnes et al., 2005 | F8: 28 | G8: ºC | H8: Reported for Nannochloropsis oceanica
A12: Epirically Tuned
A13: Category | B13: Parameters | C13: Value | D13: Units
A14: Light | B14: Saturation Light Intensity | C14: =250.8/4.56 -> 55 | D14: W/m2
A15: Concentration | B15: Optical Density Coefficient (ODC) | C15: 0.28 | D15: g/L*OD750
A16: Respiration | B16: Dark Loss (% Biomass Loss/day) | C16: 0.064 | D16: per dark period
A17: Temperature | B17: T_max | C17: 32.5 | D17: ºC
B18: T_min | C18: 3 | D18: ºC
B19: T_opt | C19: 28 | D19: ºC
A24: Calculations and Derivations
A48: Condition | B48: Saturation Light Intensity
A49: N+ (Nitrate to Nitrate Replete) | B49: 342
A50: N- (Nitrogen free) | B50: 152
A51: A - Ammonium to ammonium | B51: 304
A52: A+W - Ammonium with tungstate | B52: 316
A56: OD750 (X) | B56: g/L (Y)
A57: 0.08 | B57: 0
A58: 0.11 | B58: 0.01
A59: 0.24 | B59: 0.051
A60: 0.37 | B60: 0.075
A61: 0.46 | B61: 0.12
A62: 0.58 | B62: 0.15
A63: 0.7 | B63: 0.18
A64: 0.8 | B64: 0.2
A122: Sources
A123: Heuete-Ortega et al., 2018: M. Huete-Ortega, K. Okurowska, R. V. Kapoore, M. P. Johnson, D. J. Gilmour, and S. Vaidyanathan, “Effect of ammonium and high light intensity on the accumulation of lipids in Nannochloropsis oceanica (CCAP 849/10) and Phaeodactylum tricornutum (CCAP 1055/1),” Biotechnol. Biofuels, vol. 11, Mar. 2018, doi: 10.1186/s13068-018-1061-8.
A126: Lu et al., 2017: L. Lu, G. Yang, B. Zhu, and K. Pan, “A comparative study on three quantitating methods of microalgal biomass,” Indian J. Geo-Mar. Sci., vol. 46, pp. 2265–2272, Nov. 2017.
A129: Huesemann et al., 2013: M. H. Huesemann, J. V. Wagenen, T. Miller, A. Chavis, S. Hobbs, and B. Crowe, “A screening model to predict microalgae biomass growth in photobioreactors and raceway ponds,” Biotechnol. Bioeng., vol. 110, no. 6, pp. 1583–1594, 2013, doi: 10.1002/bit.24814.
A132: Sandnes et al., 2005: J. Sandnes, T. Källqvist, D. Wenner, and H. Gislerød, “Combined influence of light and temperature on growth rates of Nannochloropsis oceanica: Linking cellular responses to large-scale biomass production,” J. Appl. Phycol., vol. 17, pp. 515–525, Jan. 2005, doi: 10.1007/s10811-005-9002-x.
A135: Palanichamy and Rani 2004: S. Palanichamy and Rani, “Observations on the long term preservation and culture of the marine microalga, Nannochloropsis oculata,” undefined, 2004. /paper/Observations-on-the-long-term-preservation-and-of-Palanichamy-Rani/91c6eacc3ec7896a190feb39e83cdda12d30161a (accessed Sep. 11, 2020).

Sheet Desmodesmus intermedius
A1: Strain ID: | B1: Desmodesmus intermedius
A2: Category | B2: Parameters | C2: Value | D2: Units | E2: Reference | F2: Reported Value | G2: Units | H2: Notes and strain specifics
A3: Light | B3: Saturation Light Intensity | C3: =265/(4.56) -> 58.114035 | D3: W/m2 | E3: Vanags et al., 2015 | F3: 300 | G3: μmol/m2s | H3: Reported for Desmodesmus communis in PBR
A4: Concentration | B4: Optical Density Coefficient (ODC) | C4: =SLOPE(B28:B35,A28:A35) -> 0.44395514 | D4: g/L*OD750 | E4: ATP3 Data | F4: slope of curve (below) | H4: Reported for Desmodesmus intermedius
A5: Respiration | B5: Dark Loss (% Biomass Loss/day) | C5: =1-EXP(F5*(10/24)) -> 0.067994597 | D5: per dark period | E5: Edmunson and Huesemann 2015 (average) | F5: -0.169 | G5: 1/day | H5: Approxiation based on the multi-species average of 6.8%
A6: Temperature | B6: T_max | C6: 50 | D6: ºC | E6: Nagappan and Verma 2016 | F6: 50 | G6: ºC | H6: Reported for Desmodesmus sp. MCC34
B7: T_min | C7: 5 | D7: ºC | E7: Nagappan and Verma 2016 | F7: 5 | G7: ºC | H7: Reported for Desmodesmus sp. MCC34
B8: T_opt | C8: =AVERAGE(35,25) -> 30 | D8: ºC | E8: Nagappan 2015; Vanags et al., 2015 (ave of both) | F8: 35; 25 | G8: ºC | H8: Nagappan: Reported for Desmodesmus sp. MCC34 Vangas: Reported for Desmodesmus communis in PBR
A12: Epirically Tuned
A13: Category | B13: Parameters | C13: Value | D13: Units
A14: Light | B14: Saturation Light Intensity | C14: =287.28/4.56 -> 63 | D14: W/m2
A15: Concentration | B15: Optical Density Coefficient (ODC) | C15: 0.55 | D15: g/L*OD750
A16: Respiration | B16: Dark Loss (% Biomass Loss/day) | C16: 0.08 | D16: per dark period
A17: Temperature | B17: T_max | C17: 50 | D17: ºC
B18: T_min | C18: 5 | D18: ºC
B19: T_opt | C19: 31 | D19: ºC
A24: Calculations and Derivations
A27: OD (750 nm) | B27: Biomass Concentration (g/L)
A28: 0.21 | B28: 0.09
A29: 0.36 | B29: 0.15
A30: 0.4 | B30: 0.16
A31: 0.44 | B31: 0.18
A32: 0.59 | B32: 0.2
A33: 0.65 | B33: 0.27
A34: 0.67 | B34: 0.29
A35: 0.69 | B35: 0.33
A95: Sources
A96: Vanags et al., 2015: J. Vanags, L. Kunga, K. Dubencovs, V. Galvanauskas, and O. Grīgs, “Influence of Light Intensity and Temperature on Cultivation of Microalgae Desmodesmus Communis in Flasks and Laboratory-Scale Stirred Tank Photobioreactor,” Latv. J. Phys. Tech. Sci., vol. 52, no. 2, pp. 59–70, Apr. 2015, doi: 10.1515/lpts-2015-0012.
A99: ATP3 Data: J. McGowen et al., “The Algae Testbed Public-Private Partnership (ATP3) framework; establishment of a national network of testbed sites to support sustainable algae production,” Algal Res., vol. 25, pp. 168–177, Jul. 2017, doi: 10.1016/j.algal.2017.05.017.
A102: Edmundson and Huesemann 2015: S. J. Edmundson and M. H. Huesemann, “The dark side of algae cultivation: Characterizing night biomass loss in three photosynthetic algae, Chlorella sorokiniana, Nannochloropsis salina and Picochlorum sp.,” Algal Res., vol. 12, pp. 470–476, Nov. 2015, doi: 10.1016/j.algal.2015.10.012.
A105: Nagappan and Verma 2016: S. Nagappan and S. K. Verma, “Growth model for raceway pond cultivation of Desmodesmus sp. MCC34 isolated from a local water body,” Eng. Life Sci., vol. 16, no. 1, pp. 45–52, 2016, doi: 10.1002/elsc.201500024.

Sheet Galdieria sulphuraria 5587.1
A1: Strain ID: | B1: Galdieria sulphuraria 5587.1
A2: Category | B2: Parameters | C2: Value | D2: Units | E2: Reference | F2: Reported Value | G2: Units | H2: Notes and strain specifics
A3: Light | B3: Saturation Light Intensity | C3: =230/(4.56) -> 50.438596 | D3: W/m2 | E3: Oesterhelt et al. 2007 | F3: 230 | G3: μmol/m2s | H3: Reported for Galdieria sulphuraria
A4: Concentration | B4: Optical Density Coefficient (ODC) | C4: =SLOPE(C33:C44,B33:B44) -> 0.4 | D4: g/L*OD750 | E4: AzCATI | F4: slope of curve (below) | H4: Reported for Galdieria sulphuraria 5587.1
A5: Respiration | B5: Dark Loss (% Biomass Loss/day) | C5: =1-EXP(F5*(10/24)) -> 0.067994597 | D5: per dark period | E5: Edmunson and Huesemann 2015 (average) | F5: -0.169 | G5: 1/day | H5: Approxiation based on the multi-species average of 6.8%
A6: Temperature | B6: T_max | C6: 56 | D6: ºC | E6: Toplin et al. 2008 | F6: 56 | G6: ºC | H6: Reported for Galdieria sulphuraria (Type II)
B7: T_min | C7: 10 | D7: ºC | E7: Doemel and Brock 1971 | F7: 10 | G7: ºC | H7: Reported for Galdieria sulphuraria (general)
B8: T_opt | C8: 43 | D8: ºC | E8: Lammers correspondance | F8: 43 | G8: ºC | H8: Reported for Galdieria sulphuraria 5587.1
A12: Epirically Tuned
A13: Category | B13: Parameters | C13: Value | D13: Units
A14: Light | B14: Saturation Light Intensity | C14: =200/4.56 -> 43.859649 | D14: W/m2
A15: Concentration | B15: Optical Density Coefficient (ODC) | C15: 0.406 | D15: g/L*OD750
A16: Respiration | B16: Dark Loss (% Biomass Loss/day) | C16: 0.12 | D16: per dark period
A17: Temperature | B17: T_max | C17: 56 | D17: ºC
B18: T_min | C18: 10 | D18: ºC
B19: T_opt | C19: 43 | D19: ºC
A25: Calculations and Derivations
A32: Date | B32: Actual OD750 = Raw*dilution | C32: g/L
A33: 42475 | B33: 0.438 | C33: 0.1752
A34: 42476 | B34: 0.57 | C34: 0.228
A35: 42477 | B35: 0.894 | C35: 0.3576
A36: 42479 | B36: 2.48 | C36: 0.992
A37: 42480 | B37: 3.53 | C37: 1.412
A38: 42481 | B38: 4.42 | C38: 1.768
A39: 42482 | B39: 4.96 | C39: 1.984
A40: 42483 | B40: 4.42 | C40: 1.768
A41: 42484 | B41: 4.56 | C41: 1.824
A42: 42485 | B42: 4.8 | C42: 1.92
A43: 42486 | B43: 4.8 | C43: 1.92
A44: 42488 | B44: 5.08 | C44: 2.032
A90: Sources
A91: Oesterhelt et al., 2007: C. Oesterhelt, E. Schmälzlin, J. M. Schmitt, and H. Lokstein, “Regulation of photosynthesis in the unicellular acidophilic red alga Galdieria sulphuraria,” Plant J. Cell Mol. Biol., vol. 51, no. 3, pp. 500–511, Aug. 2007, doi: 10.1111/j.1365-313X.2007.03159.x.
A94: AzCATI Data: J. McGowen et al., “The Algae Testbed Public-Private Partnership (ATP3) framework; establishment of a national network of testbed sites to support sustainable algae production,” Algal Res., vol. 25, pp. 168–177, Jul. 2017, doi: 10.1016/j.algal.2017.05.017.
A97: Edmundson and Huesemann 2015: S. J. Edmundson and M. H. Huesemann, “The dark side of algae cultivation: Characterizing night biomass loss in three photosynthetic algae, Chlorella sorokiniana, Nannochloropsis salina and Picochlorum sp.,” Algal Res., vol. 12, pp. 470–476, Nov. 2015, doi: 10.1016/j.algal.2015.10.012.
A100: Toplin et al., 2008: J. A. Toplin, T. B. Norris, C. R. Lehr, T. R. McDermott, and R. W. Castenholz, “Biogeographic and Phylogenetic Diversity of Thermoacidophilic Cyanidiales in Yellowstone National Park, Japan, and New Zealand,” Appl. Environ. Microbiol., vol. 74, no. 9, pp. 2822–2833, May 2008, doi: 10.1128/AEM.02741-07.
A103: Doemel and Brock 1971: W. N. DOEMEL and T. D. BROCK, “The Physiological Ecology of Cyanidium caldarium,” Microbiology, vol. 67, no. 1, pp. 17–32, 1971, doi: 10.1099/00221287-67-1-17.
A106: Lammers correspondance: Data provided by Peter J. Lammers (co-author of this study)

Sheet Galdieria sulphuraria Soos
A1: Strain ID: | B1: Galdieria sulphuraria Soos
A2: Category | B2: Parameters | C2: Value | D2: Units | E2: Reference | F2: Reported Value | G2: Units | H2: Notes and strain specifics
A3: Light | B3: Saturation Light Intensity | C3: =F3/4.56 -> 50.438596 | D3: W/m2 | E3: Oesterhelt et al. 2007 | F3: 230 | G3: μmol/m2s | H3: Reported for Galdieria sulphuraria (general)
A4: Concentration | B4: Optical Density Coefficient (ODC) | C4: =SLOPE(C29:C43,B29:B43) -> 0.44 | D4: g/L*OD750 | E4: AzCATI | F4: slope of curve (below) | H4: Reported for Galdieria sulphuraria Soos
A5: Respiration | B5: Dark Loss (% Biomass Loss/day) | C5: =1-EXP(F5*(10/24)) -> 0.067994597 | D5: per dark period | E5: Edmunson and Huesemann 2015 (average) | F5: -0.169 | G5: 1/day | H5: Approxiation based on the multi-species average of 6.8%
A6: Temperature | B6: T_max | C6: 47 | D6: ºC | E6: Oesterhelt et al. 2007 | F6: 47 | G6: ºC | H6: Reported for Galdieria sulphuraria (general)
B7: T_min | C7: 10 | D7: ºC | E7: Doemel and Brock 1971 | F7: 10 | G7: ºC | H7: Reported for Galdieria sulphuraria (general)
B8: T_opt | C8: 35 | D8: ºC | E8: Gross et al., 2002 | F8: 35 | G8: ºC | H8: Reported for Galdieria sulphuraria Soos
A12: Epirically Tuned
A13: Category | B13: Parameters | C13: Value | D13: Units
A14: Light | B14: Saturation Light Intensity | C14: =270/4.56 -> 59.210526 | D14: W/m2
A15: Concentration | B15: Optical Density Coefficient (ODC) | C15: 0.48 | D15: g/L*OD750
A16: Respiration | B16: Dark Loss (% Biomass Loss/day) | C16: 0.02 | D16: per dark period
A17: Temperature | B17: T_max | C17: 47 | D17: ºC
B18: T_min | C18: 10 | D18: ºC
B19: T_opt | C19: 28 | D19: ºC
A23: Calculations and Derivations
A28: Date | B28: Actual OD750 = Raw*dilution | C28: g/L
A29: 42828.542 | B29: 2.49 | C29: 1.0956
A30: 42828.771 | B30: 2.735 | C30: 1.2034
A31: 42829.271 | B31: 2.895 | C31: 1.2738
A32: 42829.771 | B32: 3.21 | C32: 1.4124
A33: 42830.271 | B33: 3.185 | C33: 1.4014
A34: 42830.771 | B34: 3.35 | C34: 1.474
A35: 42831.271 | B35: 3.595 | C35: 1.5818
A36: 42831.771 | B36: 3.84 | C36: 1.6896
A37: 42832.271 | B37: 3.375 | C37: 1.485
A38: 42832.771 | B38: 3.975 | C38: 1.749
A39: 42833.271 | B39: 4.02 | C39: 1.7688
A40: 42833.771 | B40: 4.24 | C40: 1.8656
... A43: 42835.271 | B43: 4.6333333 | C43: 2.0386667
A88: Sources
A89: Oesterhelt et al., 2007: C. Oesterhelt, E. Schmälzlin, J. M. Schmitt, and H. Lokstein, “Regulation of photosynthesis in the unicellular acidophilic red alga Galdieria sulphuraria,” Plant J. Cell Mol. Biol., vol. 51, no. 3, pp. 500–511, Aug. 2007, doi: 10.1111/j.1365-313X.2007.03159.x.
A92: AzCATI Data: J. McGowen et al., “The Algae Testbed Public-Private Partnership (ATP3) framework; establishment of a national network of testbed sites to support sustainable algae production,” Algal Res., vol. 25, pp. 168–177, Jul. 2017, doi: 10.1016/j.algal.2017.05.017.
A95: Edmundson and Huesemann 2015: S. J. Edmundson and M. H. Huesemann, “The dark side of algae cultivation: Characterizing night biomass loss in three photosynthetic algae, Chlorella sorokiniana, Nannochloropsis salina and Picochlorum sp.,” Algal Res., vol. 12, pp. 470–476, Nov. 2015, doi: 10.1016/j.algal.2015.10.012.
A98: Doemel and Brock 1971: W. N. DOEMEL and T. D. BROCK, “The Physiological Ecology of Cyanidium caldarium,” Microbiology, vol. 67, no. 1, pp. 17–32, 1971, doi: 10.1099/00221287-67-1-17.
A101: Gross et al., 2002: W. Gross, C. Oesterhelt, G. Tischendorf, and F. Lederer, “Characterization of a non-thermophilic strain of the red algal genus Galdieria isolated from Soos (Czech Republic),” Eur. J. Phycol., vol. 37, no. 3, pp. 477–483, Aug. 2002, doi: 10.1017/S0967026202003773.
